benchmark,constant_liar,n_trials,batch_size,n_repeats,best_value_mean,best_value_std
bench2,worst,25,5,100,nan,nan
bench2,worst,50,5,100,0.41114479231521556,0.8812951494880232
bench2,worst,75,5,100,0.35614481785911556,0.7234446969185906
bench2,worst,100,5,100,0.3560945064805918,0.7234518637881083
